,NAME,TEAM,GOALS SCORED,GAMES,GOALS PER MATCHES
0,KYLIAN MBAPPÉ,REAL MADRID,31,34,0.91
1,ROBERT LEWANDOWSKI,FC BARCELONA,27,34,0.79
2,ANTE BUDIMIR,CA OSASUNA,21,38,0.55
3,ALEXANDER SØRLOTH,ATLÉTICO DE MADRID,20,35,0.57
4,AYOZE PÉREZ,VILLARREAL CF,19,30,0.63
5,RAPHAEL DIAS BELLOLI,FC BARCELONA,18,36,0.50
6,JULIÁN ÁLVAREZ,ATLÉTICO DE MADRID,17,37,0.46
7,OIHAN SANCET,ATHLETIC CLUB,15,29,0.52
8,KIKE GARCÍA,DEPORTIVO ALAVÉS,13,35,0.37
9,JAVI PUADO,RCD ESPANYOL DE BARCELONA,12,35,0.34
10,CRISTHIAN STUANI,GIRONA FC,11,32,0.34
11,BORJA IGLESIAS,CELTA,11,37,0.30
12,DODI LUKÉBAKIO,SEVILLA FC,11,38,0.29
13,HUGO DURO,VALENCIA CF,11,31,0.35
14,VINÍCIUS JOSÉ PAIXÃO DE OLIVEIRA JÚNIOR,REAL MADRID,11,30,0.37
15,THIERNO BARRY,VILLARREAL CF,11,35,0.31
16,MAURO ARAMBARRI,GETAFE CF,10,35,0.29
17,IAGO ASPAS,CELTA,10,30,0.33
18,FERRAN TORRES,FC BARCELONA,10,27,0.37
19,DANI OLMO,FC BARCELONA,10,25,0.40
20,FÁBIO DANIEL SOARES SILVA,UD LAS PALMAS,10,24,0.42
21,SANDRO RAMÍREZ,UD LAS PALMAS,9,31,0.29
22,LAMINE YAMAL NASRAOUI EBANA,FC BARCELONA,9,35,0.26
23,MIKEL OYARZABAL,REAL SOCIEDAD,9,35,0.26
24,JUDE BELLINGHAM,REAL MADRID,9,31,0.29
25,FRANCISCO ROMÁN ALARCÓN SUÁREZ,REAL BETIS,9,22,0.41
26,DANI RABA,CD LEGANÉS,8,29,0.28
27,DIEGO LÓPEZ,VALENCIA CF,8,38,0.21
28,ANTOINE GRIEZMANN,ATLÉTICO DE MADRID,8,38,0.21
29,GIOVANI LO CELSO,REAL BETIS,8,25,0.32
30,GORKA GURUZETA,ATHLETIC CLUB,7,36,0.19
31,VEDAT MURIQI,RCD MALLORCA,7,29,0.24
32,CYLE LARIN,RCD MALLORCA,7,32,0.22
33,ÁLEX BAENA,VILLARREAL CF,7,32,0.22
34,IÑAKI WILLIAMS,ATHLETIC CLUB,6,35,0.17
35,ALEX BERENGUER,ATHLETIC CLUB,6,36,0.17
36,ALBERTO MOLEIRO,UD LAS PALMAS,6,35,0.17
37,JORGE DE FRUTOS,RAYO VALLECANO,6,36,0.17
38,FEDERICO VALVERDE,REAL MADRID,6,36,0.17
39,RODRYGO SILVA DE GOES,REAL MADRID,6,30,0.20
40,FERMÍN LÓPEZ,FC BARCELONA,6,28,0.21
41,ROBERTO FERNÁNDEZ,RCD ESPANYOL DE BARCELONA,6,19,0.32
42,NICHOLAS WILLIAMS ARTHUER,ATHLETIC CLUB,5,29,0.17
43,CARLOS VICENTE,DEPORTIVO ALAVÉS,5,37,0.14
44,ALFON GONZÁLEZ,CELTA,5,26,0.19
45,JUAN CRUZ,CD LEGANÉS,5,34,0.15
46,RUBÉN GARCÍA,CA OSASUNA,5,36,0.14
47,AIMAR OROZ,CA OSASUNA,5,37,0.14
48,TAKEFUSA KUBO,REAL SOCIEDAD,5,36,0.14
49,MAMADOU SYLLA,REAL VALLADOLID CF,5,29,0.17
50,LUIS RIOJA,VALENCIA CF,5,37,0.14
51,JOAN JORDÁN,DEPORTIVO ALAVÉS,5,25,0.20
52,BORJA MAYORAL,GETAFE CF,5,24,0.21
53,UMAR SADIQ,VALENCIA CF,5,23,0.22
54,ANTONY MATHEUS DOS SANTOS,REAL BETIS,5,17,0.29
55,CUCHO HERNÁNDEZ,REAL BETIS,5,15,0.33
56,DANI VIVIAN,ATHLETIC CLUB,4,32,0.13
57,YANGEL HERRERA,GIRONA FC,4,29,0.14
58,ABEL RUIZ,GIRONA FC,4,23,0.17
59,CHRISTANTUS UCHE,GETAFE CF,4,33,0.12
60,WILLIOT SWEDBERG,CELTA,4,32,0.13
61,ÓSCAR MINGUEZA,CELTA,4,34,0.12
62,PABLO DURÁN,CELTA,4,27,0.15
63,HUGO ÁLVAREZ,CELTA,4,26,0.15
64,JUANLU SÁNCHEZ,SEVILLA FC,4,32,0.13
65,ISAAC ROMERO,SEVILLA FC,4,31,0.13
66,PEDRO GONZÁLEZ LÓPEZ,FC BARCELONA,4,37,0.11
67,RAÚL GARCÍA,CA OSASUNA,4,32,0.13
68,PATHÉ CISS,RAYO VALLECANO,4,33,0.12
69,ISI PALAZÓN,RAYO VALLECANO,4,35,0.11
70,BRAHIM DÍAZ,REAL MADRID,4,31,0.13
71,DANI RODRÍGUEZ,RCD MALLORCA,4,37,0.11
72,ÁNGEL CORREA,ATLÉTICO DE MADRID,4,31,0.13
73,LEANDRO CABRERA,RCD ESPANYOL DE BARCELONA,4,33,0.12
74,RAÚL MORO,REAL VALLADOLID CF,4,33,0.12
75,SANTI COMESAÑA,VILLARREAL CF,4,35,0.11
76,YEREMY PINO,VILLARREAL CF,4,34,0.12
77,PAPE GUEYE,VILLARREAL CF,4,34,0.12
78,ÁLVARO GARCÍA,RAYO VALLECANO,4,36,0.11
79,MUNIR EL HADDADI,CD LEGANÉS,4,25,0.16
80,TONI MARTÍNEZ,DEPORTIVO ALAVÉS,4,28,0.14
81,ARNAUT DANJUMA,GIRONA FC,4,28,0.14
82,VITOR HUGO ROQUE FERREIRA,REAL BETIS,4,22,0.18
83,RAMON TERRATS,GETAFE CF,4,26,0.15
84,AITOR PAREDES,ATHLETIC CLUB,3,23,0.13
85,BRYAN GIL,GIRONA FC,3,25,0.12
86,CARLES PÉREZ,GETAFE CF,3,27,0.11
87,JOHNNY CARDOSO,REAL BETIS,3,28,0.11
88,ÁLEX MUÑOZ,UD LAS PALMAS,3,21,0.14
89,OLIVER MCBURNIE,UD LAS PALMAS,3,34,0.09
90,JON GURIDI,DEPORTIVO ALAVÉS,3,33,0.09
91,JAVI RODRÍGUEZ,CELTA,3,36,0.08
92,TASOS DOUVIKAS,CELTA,3,20,0.15
93,KIKE SALAS,SEVILLA FC,3,31,0.10
94,PABLO TORRE,FC BARCELONA,3,10,0.30
95,SEYDOUBA CISSÉ,CD LEGANÉS,3,34,0.09
96,DIEGO GARCÍA,CD LEGANÉS,3,28,0.11
97,LUCAS TORRÓ,CA OSASUNA,3,35,0.09
98,JAVI GUERRA,VALENCIA CF,3,36,0.08
99,BRAIS MÉNDEZ,REAL SOCIEDAD,3,27,0.11
100,SERGIO CAMELLO,RAYO VALLECANO,3,23,0.13
101,RANDY NTEKA,RAYO VALLECANO,3,24,0.13
102,PEDRO DÍAZ,RAYO VALLECANO,3,26,0.12
103,UNAI LÓPEZ,RAYO VALLECANO,3,32,0.09
104,ARDA GÜLER,REAL MADRID,3,28,0.11
105,MARTIN VALJENT,RCD MALLORCA,3,31,0.10
106,SAMUEL DIAS LINO,ATLÉTICO DE MADRID,3,31,0.10
107,RODRIGO DE PAUL,ATLÉTICO DE MADRID,3,34,0.09
108,PERE MILLA,RCD ESPANYOL DE BARCELONA,3,20,0.15
109,JOFRE CARRERAS,RCD ESPANYOL DE BARCELONA,3,37,0.08
110,SELIM AMALLAH,REAL VALLADOLID CF,3,24,0.13
111,DANI PAREJO,VILLARREAL CF,3,36,0.08
112,NICOLAS PÉPÉ,VILLARREAL CF,3,28,0.11
113,GERARD MORENO,VILLARREAL CF,3,17,0.18
114,MARASH KUMBULLA,RCD ESPANYOL DE BARCELONA,3,35,0.09
115,CONOR GALLAGHER,ATLÉTICO DE MADRID,3,32,0.09
116,JUANMI LATASA,REAL VALLADOLID CF,3,28,0.11
117,YÁSER ASPRILLA,GIRONA FC,3,27,0.11
118,ORRI ÓSKARSSON,REAL SOCIEDAD,3,23,0.13
119,MARCOS ALONSO,CELTA,3,31,0.10
120,MIKEL JAUREGIZAR,ATHLETIC CLUB,2,34,0.06
121,DONNY VAN DE BEEK,GIRONA FC,2,26,0.08
122,ARNAU MARTÍNEZ,GIRONA FC,2,32,0.06
123,LADISLAV KREJCÍ,GIRONA FC,2,28,0.07
124,DIEGO LLORENTE,REAL BETIS,2,30,0.07
125,CHIMY ÁVILA,REAL BETIS,2,19,0.11
126,ROMAIN PERRAUD,REAL BETIS,2,28,0.07
127,MARC BARTRA,REAL BETIS,2,25,0.08
128,MARC ROCA,REAL BETIS,2,14,0.14
129,ABDE EZZALZOULI,REAL BETIS,2,32,0.06
130,PABLO FORNALS,REAL BETIS,2,26,0.08
131,MANU FUSTER,UD LAS PALMAS,2,28,0.07
132,NAHUEL TENAGLIA,DEPORTIVO ALAVÉS,2,34,0.06
133,FRAN BELTRÁN,CELTA,2,34,0.06
134,CHIDERA EJUKE,SEVILLA FC,2,25,0.08
135,DJIBRIL SOW,SEVILLA FC,2,30,0.07
136,PAU VÍCTOR,FC BARCELONA,2,21,0.10
137,JULES KOUNDÉ,FC BARCELONA,2,32,0.06
138,ERIC GARCÍA,FC BARCELONA,2,29,0.07
139,JAVI HERNÁNDEZ,CD LEGANÉS,2,31,0.06
140,SERGIO GONZÁLEZ,CD LEGANÉS,2,36,0.06
141,ABEL BRETONES,CA OSASUNA,2,35,0.06
142,CÉSAR TÁRREGA,VALENCIA CF,2,34,0.06
143,DANI GÓMEZ,VALENCIA CF,2,14,0.14
144,JOSÉ LUIS GARCÍA VAYÁ,VALENCIA CF,2,34,0.06
145,SHERALDO BECKER,REAL SOCIEDAD,2,22,0.09
146,MARTÍN ZUBIMENDI,REAL SOCIEDAD,2,36,0.06
147,SERGIO GÓMEZ,REAL SOCIEDAD,2,37,0.05
148,ANDREI RATIU,RAYO VALLECANO,2,35,0.06
149,FLORIAN LEJEUNE,RAYO VALLECANO,2,37,0.05
150,ABDUL MUMIN,RAYO VALLECANO,2,24,0.08
151,LUKA MODRIC,REAL MADRID,2,35,0.06
152,ABDÓN PRATS,RCD MALLORCA,2,24,0.08
153,SERGI DARDER,RCD MALLORCA,2,38,0.05
154,ANTONIO RAÍLLO,RCD MALLORCA,2,36,0.06
155,TAKUMA ASANO,RCD MALLORCA,2,21,0.10
156,MARCOS LLORENTE,ATLÉTICO DE MADRID,2,33,0.06
157,GIULIANO SIMEONE,ATLÉTICO DE MADRID,2,33,0.06
158,CARLOS ROMERO,RCD ESPANYOL DE BARCELONA,2,34,0.06
159,KIKE PÉREZ,REAL VALLADOLID CF,2,19,0.11
160,IVÁN SÁNCHEZ AGUAYO,REAL VALLADOLID CF,2,32,0.06
161,IVÁN CANTALEJO,REAL VALLADOLID CF,2,18,0.11
162,JAVI SÁNCHEZ DE FELIPE,REAL VALLADOLID CF,2,25,0.08
163,LOGAN EVANS COSTA,VILLARREAL CF,2,32,0.06
164,CARLOS MARTÍN,DEPORTIVO ALAVÉS,2,26,0.08
165,BOJAN MIOVSKI,GIRONA FC,2,17,0.12
166,VIKTOR TSYHANKOV,GIRONA FC,2,27,0.07
167,CLÉMENT LENGLET,ATLÉTICO DE MADRID,2,23,0.09
168,ENZO BOYOMO,CA OSASUNA,2,37,0.05
169,JESÚS RODRIGUEZ,REAL BETIS,2,21,0.10
170,VALERY FERNÁNDEZ,RCD MALLORCA,2,18,0.11
171,ADNAN JANUZAJ,UD LAS PALMAS,2,18,0.11
172,CÉDRIC BAKAMBU,REAL BETIS,2,25,0.08
173,ÁLVARO RODRÍGUEZ,GETAFE CF,2,22,0.09
174,ANUAR TUHAMI,REAL VALLADOLID CF,2,26,0.08
175,FRENKIE DE JONG,FC BARCELONA,2,26,0.08
176,FERNANDO LÓPEZ,CELTA,2,17,0.12
177,ARKAITZ MARIEZKURRENA,REAL SOCIEDAD,2,9,0.22
178,RUBÉN VARGAS,SEVILLA FC,2,11,0.18
179,MOUCTAR DIAKHABY,VALENCIA CF,2,13,0.15
180,YAN DIOMANDE,CD LEGANÉS,2,10,0.20
181,UNAI GÓMEZ,ATHLETIC CLUB,1,32,0.03
182,YERAY ÁLVAREZ,ATHLETIC CLUB,1,21,0.05
183,BEÑAT PRADOS,ATHLETIC CLUB,1,30,0.03
184,CRISTIAN PORTUGUÉS MANZANERA,GIRONA FC,1,27,0.04
185,IVÁN MARTÍN,GIRONA FC,1,32,0.03
186,MIGUEL GUTIÉRREZ,GIRONA FC,1,29,0.03
187,DAVID LÓPEZ,GIRONA FC,1,29,0.03
188,JHON SOLÍS,GIRONA FC,1,19,0.05
189,GABRIEL MISEHOUY,GIRONA FC,1,9,0.11
190,DOMINGOS DE SOUSA COUTINHO MENESES DUARTE,GETAFE CF,1,22,0.05
191,OMAR ALDERETE,GETAFE CF,1,34,0.03
192,LUIS MILLA,GETAFE CF,1,33,0.03
193,ASSANE DIAO,REAL BETIS,1,10,0.10
194,AITOR RUIBAL,REAL BETIS,1,29,0.03
195,JAVI MUÑOZ,UD LAS PALMAS,1,35,0.03
196,ASIER VILLALIBRE,DEPORTIVO ALAVÉS,1,16,0.06
197,CARLOS BENAVÍDEZ,DEPORTIVO ALAVÉS,1,18,0.06
198,TOMÁS CONECHNY,DEPORTIVO ALAVÉS,1,22,0.05
199,MORIBA KOUROUMA KOUROUMA,CELTA,1,33,0.03
200,CARL STARFELT,CELTA,1,28,0.04
201,JESÚS NAVAS,SEVILLA FC,1,15,0.07
202,GERARD FERNÁNDEZ CASTELLANO,SEVILLA FC,1,26,0.04
203,LOÏC BADÉ,SEVILLA FC,1,32,0.03
204,ADRIÀ PEDROSA,SEVILLA FC,1,31,0.03
205,LUCIEN AGOUMÉ,SEVILLA FC,1,35,0.03
206,STANIS IDUMBO,SEVILLA FC,1,14,0.07
207,NEMANJA GUDELJ,SEVILLA FC,1,31,0.03
208,MARC CASADÓ,FC BARCELONA,1,23,0.04
209,GERARD MARTÍN,FC BARCELONA,1,28,0.04
210,YVAN NEYOU,CD LEGANÉS,1,30,0.03
211,VALENTIN ROSIER,CD LEGANÉS,1,32,0.03
212,DARKO BRASANAC,CD LEGANÉS,1,30,0.03
213,ENRIC FRANQUESA,CD LEGANÉS,1,12,0.08
214,MIGUEL DE LA FUENTE,CD LEGANÉS,1,34,0.03
215,ÓSCAR RODRÍGUEZ,CD LEGANÉS,1,29,0.03
216,RENATO TAPIA,CD LEGANÉS,1,34,0.03
217,BRYAN ZARAGOZA,CA OSASUNA,1,27,0.04
218,JORGE HERRANDO,CA OSASUNA,1,18,0.06
219,PABLO IBÁÑEZ,CA OSASUNA,1,28,0.04
220,ALEJANDRO CATENA,CA OSASUNA,1,35,0.03
221,CRISTHIAN MOSQUERA,VALENCIA CF,1,37,0.03
222,RAFA MIR,VALENCIA CF,1,20,0.05
223,PABLO MARÍN,REAL SOCIEDAD,1,23,0.04
224,JON ARAMBURU,REAL SOCIEDAD,1,35,0.03
225,ANDER BARRENETXEA,REAL SOCIEDAD,1,30,0.03
226,LUKA SUCIC,REAL SOCIEDAD,1,29,0.03
227,JON OLASAGASTI,REAL SOCIEDAD,1,22,0.05
228,ÓSCAR TREJO,RAYO VALLECANO,1,19,0.05
229,ADRI EMBARBA,RAYO VALLECANO,1,35,0.03
230,ENDRICK FELIPE MOREIRA DE SOUSA,REAL MADRID,1,22,0.05
231,ÉDER GABRIEL MILITÃO,REAL MADRID,1,12,0.08
232,DANI CARVAJAL,REAL MADRID,1,8,0.13
233,LUCAS VÁZQUEZ,REAL MADRID,1,32,0.03
234,JACOBO RAMÓN,REAL MADRID,1,3,0.33
235,OMAR MASCARELL,RCD MALLORCA,1,32,0.03
236,JOHAN MOJICA,RCD MALLORCA,1,36,0.03
237,ROBIN LE NORMAND,ATLÉTICO DE MADRID,1,27,0.04
238,PABLO BARRIOS,ATLÉTICO DE MADRID,1,31,0.03
239,CÉSAR AZPILICUETA,ATLÉTICO DE MADRID,1,14,0.07
240,JORGE RESURRECCIÓN MERODIO,ATLÉTICO DE MADRID,1,32,0.03
241,ÁLVARO TEJERO,RCD ESPANYOL DE BARCELONA,1,28,0.04
242,FERNANDO CALERO,RCD ESPANYOL DE BARCELONA,1,21,0.05
243,IRVIN CARDONA,RCD ESPANYOL DE BARCELONA,1,16,0.06
244,ALEJO VÉLIZ,RCD ESPANYOL DE BARCELONA,1,27,0.04
245,MARCOS ANDRÉ DE SOUSA MENDONÇA,REAL VALLADOLID CF,1,22,0.05
246,SERGI CARDONA,VILLARREAL CF,1,35,0.03
247,ILIAS AKHOMACH,VILLARREAL CF,1,11,0.09
248,SAÚL ÑÍGUEZ,SEVILLA FC,1,24,0.04
249,MANU SÁNCHEZ,DEPORTIVO ALAVÉS,1,33,0.03
250,JORGE SÁENZ,CD LEGANÉS,1,23,0.04
251,NATAN BERNARDO DE SOUZA,REAL BETIS,1,31,0.03
252,ÁLVARO DJALÓ,ATHLETIC CLUB,1,17,0.06
253,WALID CHEDDIRA,RCD ESPANYOL DE BARCELONA,1,22,0.05
254,ENZO BARRENECHEA,VALENCIA CF,1,30,0.03
255,KARL EDOUARD BLAISE ETTA EYONG,VILLARREAL CF,1,4,0.25
256,ROBERT NAVARRO,RCD MALLORCA,1,23,0.04
257,BERTUG YILDIRIM,GETAFE CF,1,22,0.05
258,COBA DA COSTA,GETAFE CF,1,19,0.05
259,MATIJA NASTASIC,CD LEGANÉS,1,26,0.04
260,DENIS SUÁREZ,VILLARREAL CF,1,21,0.05
261,DÁRIO CASSIA LUÍS ESSUGO,UD LAS PALMAS,1,27,0.04
262,MANU BUENO,SEVILLA FC,1,9,0.11
263,EDUARDO CAMAVINGA,REAL MADRID,1,19,0.05
264,ALLAN NYOM,GETAFE CF,1,20,0.05
265,PABLO PÁEZ GAVIRA,FC BARCELONA,1,26,0.04
266,RAMÓN MARTÍNEZ,SEVILLA FC,1,5,0.20
267,RONALD ARAUJO,FC BARCELONA,1,12,0.08
268,JUAN FOYTH,VILLARREAL CF,1,19,0.05
269,ÁLVARO MIGUEL GARCÍA PASCUAL,SEVILLA FC,1,8,0.13
270,ARSEN ZAKHARYAN,REAL SOCIEDAD,1,3,0.33
271,MAROAN SANNADI,ATHLETIC CLUB,1,16,0.06
272,IKER LOSADA,CELTA,1,22,0.05
273,PAU CABANES,DEPORTIVO ALAVÉS,1,16,0.06
274,STEFAN BAJCETIC,UD LAS PALMAS,1,14,0.07
275,TAJON BUCHANAN,VILLARREAL CF,1,13,0.08
276,UNAI EGILUZ,ATHLETIC CLUB,0,0,0
277,ADAMA BOIRO,ATHLETIC CLUB,0,18,0
278,OIER GASTESI,ATHLETIC CLUB,0,0,0
279,YURI BERCHICHE,ATHLETIC CLUB,0,30,0
280,JAVIER MARTÓN,ATHLETIC CLUB,0,3,0
281,ANDONI GOROSABEL,ATHLETIC CLUB,0,20,0
282,ANDER HERRERA,ATHLETIC CLUB,0,8,0
283,MIKEL VESGA,ATHLETIC CLUB,0,25,0
284,ÁLEX PADILLA,ATHLETIC CLUB,0,5,0
285,ÍÑIGO LEKUE,ATHLETIC CLUB,0,16,0
286,MALCOM ABDULAI ARES DJALÓ,ATHLETIC CLUB,0,1,0
287,DALEY BLIND,GIRONA FC,0,34,0
288,JOEL ROCA,GIRONA FC,0,0,0
289,IKER ALMENA,GIRONA FC,0,2,0
290,LAUREANO ANTONIO VILLA SUÁREZ,GIRONA FC,0,0,0
291,ORIOL ROMEU,GIRONA FC,0,25,0
292,JUAN PEDRO RAMÍREZ LÓPEZ,GIRONA FC,0,12,0
293,PAULO GAZZANIGA,GIRONA FC,0,36,0
294,ALEJANDRO FRANCÉS,GIRONA FC,0,18,0
295,JUAN CARLOS MARTÍN CORRAL,GIRONA FC,0,0,0
296,PETER FEDERICO GONZÁLEZ CARMONA,GETAFE CF,0,17,0
297,JUAN IGLESIAS,GETAFE CF,0,37,0
298,DJENÉ DAKONAM,GETAFE CF,0,31,0
299,DAVID SORIA,GETAFE CF,0,38,0
300,ALBERTO RISCO,GETAFE CF,0,5,0
301,JESÚS SANTIAGO PÉREZ,GETAFE CF,0,19,0
302,JIRÍ LETÁCEK,GETAFE CF,0,0,0
303,DIEGO FERRER,GETAFE CF,0,0,0
304,NABIL ABERDIN,GETAFE CF,0,7,0
305,ÁLEX SOLA,GETAFE CF,0,19,0
306,DIEGO RICO,GETAFE CF,0,33,0
307,SERGI ALTIMIRA,REAL BETIS,0,32,0
308,ADRIÁN SAN MIGUEL DEL CASTILLO,REAL BETIS,0,19,0
309,YOUSSOUF SABALY,REAL BETIS,0,22,0
310,NABIL FEKIR,REAL BETIS,0,2,0
311,WILLIAM SILVA DE CARVALHO,REAL BETIS,0,14,0
312,LUCAS ALCÁZAR,REAL BETIS,0,0,0
313,RICARDO RODRÍGUEZ,REAL BETIS,0,18,0
314,RODRIGO SÁNCHEZ RODRÍGUEZ,REAL BETIS,0,3,0
315,HÉCTOR BELLERÍN,REAL BETIS,0,9,0
316,FRANCISCO BARBOSA VIEITES,REAL BETIS,0,4,0
317,RUI TIAGO DANTAS DA SILVA,REAL BETIS,0,15,0
318,JOSÉ CAMPAÑA,UD LAS PALMAS,0,25,0
319,BENITO RAMÍREZ,UD LAS PALMAS,0,19,0
320,ÁLEX SUÁREZ,UD LAS PALMAS,0,30,0
321,SCOTT MCKENNA,UD LAS PALMAS,0,29,0
322,MIKA MÁRMOL,UD LAS PALMAS,0,30,0
323,DINKO HORKAS,UD LAS PALMAS,0,13,0
324,MARC CARDONA,UD LAS PALMAS,0,11,0
325,IVÁN GIL,UD LAS PALMAS,0,0,0
326,VITI ROZADA,UD LAS PALMAS,0,29,0
327,KIRIAN RODRÍGUEZ,UD LAS PALMAS,0,21,0
328,ENZO LOIODICE,UD LAS PALMAS,0,17,0
329,JAIME MATA,UD LAS PALMAS,0,30,0
330,JUAN HERZOG,UD LAS PALMAS,0,19,0
331,VALENTÍN PEZZOLESI,UD LAS PALMAS,0,1,0
332,JASPER CILLESSEN,UD LAS PALMAS,0,27,0
333,MARVIN PARK,UD LAS PALMAS,0,23,0
334,ABOUBACAR BASSINGA,UD LAS PALMAS,0,1,0
335,ENEKO ORTIZ,DEPORTIVO ALAVÉS,0,0,0
336,JESÚS OWONO,DEPORTIVO ALAVÉS,0,6,0
337,ABDEL ABQAR,DEPORTIVO ALAVÉS,0,29,0
338,JULEN LARTITEGI,DEPORTIVO ALAVÉS,0,0,0
339,ADRIÁN RODRÍGUEZ,DEPORTIVO ALAVÉS,0,2,0
340,ANDER GUEVARA,DEPORTIVO ALAVÉS,0,33,0
341,HUGO NOVOA,DEPORTIVO ALAVÉS,0,5,0
342,LUKA ROMERO,DEPORTIVO ALAVÉS,0,6,0
343,ANTONIO SIVERA,DEPORTIVO ALAVÉS,0,32,0
344,ALEKSANDAR SEDLAR,DEPORTIVO ALAVÉS,0,9,0
345,JOAQUÍN PANICHELLI,DEPORTIVO ALAVÉS,0,0,0
346,JUAN DIEGO MOLINA MARTÍNEZ,DEPORTIVO ALAVÉS,0,16,0
347,ADRIÁN HERNÁNDEZ HERNÁNDEZ,DEPORTIVO ALAVÉS,0,9,0
348,ANTONIO BLANCO,DEPORTIVO ALAVÉS,0,35,0
349,MOUSSA DIARRA,DEPORTIVO ALAVÉS,0,26,0
350,MARC VIDAL,CELTA,0,0,0
351,DAMIÁN RODRÍGUEZ,CELTA,0,17,0
352,JONATHAN BAMBA,CELTA,0,12,0
353,CÉSAR FERNÁNDEZ,CELTA,0,0,0
354,IVÁN VILLAR,CELTA,0,4,0
355,HUGO SOTELO,CELTA,0,24,0
356,SERGIO CARREIRA,CELTA,0,23,0
357,JAVIER MANQUILLO,CELTA,0,10,0
358,CARLOS DOMÍNGUEZ,CELTA,0,19,0
359,JAILSON MARQUES SIQUEIRA,CELTA,0,13,0
360,GONZALO MONTIEL,SEVILLA FC,0,6,0
361,PABLO RIVERA,SEVILLA FC,0,0,0
362,ALBERTO FLORES,SEVILLA FC,0,0,0
363,MARCOS DO NASCIMENTO TEIXEIRA,SEVILLA FC,0,12,0
364,ØRJAN NYLAND,SEVILLA FC,0,30,0
365,ALBERTO COLLADO,SEVILLA FC,0,0,0
366,JOSÉ ÁNGEL CARMONA,SEVILLA FC,0,35,0
367,ÁLVARO FERNÁNDEZ,SEVILLA FC,0,9,0
368,LUCAS OCAMPOS,SEVILLA FC,0,2,0
369,TANGUY NIANZOU,SEVILLA FC,0,6,0
370,HÉCTOR FORT,FC BARCELONA,0,17,0
371,ÁLEX VALLE,FC BARCELONA,0,0,0
372,MARC BERNAL,FC BARCELONA,0,3,0
373,ÍÑIGO MARTÍNEZ,FC BARCELONA,0,28,0
374,ANDER ASTRALAGA,FC BARCELONA,0,0,0
375,MARC-ANDRÉ TER STEGEN,FC BARCELONA,0,8,0
376,ALEJANDRO BALDE,FC BARCELONA,0,32,0
377,PAU CUBARSÍ,FC BARCELONA,0,35,0
378,ANDREAS CHRISTENSEN,FC BARCELONA,0,5,0
379,IÑAKI PEÑA,FC BARCELONA,0,16,0
380,SERGI DOMÍNGUEZ,FC BARCELONA,0,3,0
381,LALO AGUILAR,CD LEGANÉS,0,0,0
382,ÁLEX GIL,CD LEGANÉS,0,0,0
383,JUAN SORIANO,CD LEGANÉS,0,6,0
384,ARITZ ARAMBARRI,CD LEGANÉS,0,2,0
385,JOÃO URBÁEZ,CD LEGANÉS,0,0,0
386,ALVIN ABAJAS,CD LEGANÉS,0,0,0
387,ROBERTO LÓPEZ,CD LEGANÉS,0,13,0
388,JULIÁN CHICCO,CD LEGANÉS,0,14,0
389,MARKO DMITROVIC,CD LEGANÉS,0,32,0
390,UNAI GARCÍA,CA OSASUNA,0,3,0
391,JAVI MARTÍNEZ,CA OSASUNA,0,1,0
392,IKER BENITO,CA OSASUNA,0,2,0
393,JON MONCAYOLA,CA OSASUNA,0,32,0
394,DIMITRIOS STAMATAKIS,CA OSASUNA,0,0,0
395,MOI GÓMEZ,CA OSASUNA,0,26,0
396,RUBÉN PEÑA,CA OSASUNA,0,25,0
397,AITOR FERNÁNDEZ,CA OSASUNA,0,1,0
398,NACHO VIDAL,CA OSASUNA,0,5,0
399,JESÚS ARESO,CA OSASUNA,0,36,0
400,JUAN CRUZ ÁLVARO ARMADA,CA OSASUNA,0,25,0
401,SERGIO HERRERA,CA OSASUNA,0,37,0
402,IKER MUÑOZ,CA OSASUNA,0,23,0
403,MARTÍN TEJÓN,VALENCIA CF,0,4,0
404,JESÚS VÁZQUEZ,VALENCIA CF,0,19,0
405,GIORGI MAMARDASHVILI,VALENCIA CF,0,34,0
406,STOLE DIMITRIEVSKI,VALENCIA CF,0,4,0
407,ALI FADAL,VALENCIA CF,0,0,0
408,ALBERTO MARÍ,VALENCIA CF,0,1,0
409,RODRIGO ABAJAS,VALENCIA CF,0,1,0
410,HUGO GUILLAMÓN,VALENCIA CF,0,12,0
411,RAÚL JIMÉNEZ,VALENCIA CF,0,0,0
412,THIERRY RENDALL CORREIA,VALENCIA CF,0,11,0
413,DAVID OTORBI,VALENCIA CF,0,1,0
414,DOMINGOS ANDRÉ RIBEIRO ALMEIDA,VALENCIA CF,0,34,0
415,YAREK GASIOROWSKI,VALENCIA CF,0,15,0
416,DIMITRI FOULQUIER,VALENCIA CF,0,32,0
417,JON MAGUNAZELAIA,REAL SOCIEDAD,0,2,0
418,BEÑAT TURRIENTES,REAL SOCIEDAD,0,21,0
419,AIHEN MUÑOZ,REAL SOCIEDAD,0,21,0
420,JAVI LÓPEZ,REAL SOCIEDAD,0,29,0
421,UNAI MARRERO,REAL SOCIEDAD,0,2,0
422,JON MARTÍN,REAL SOCIEDAD,0,13,0
423,HAMARI TRAORÉ,REAL SOCIEDAD,0,11,0
424,JON PACHECO,REAL SOCIEDAD,0,14,0
425,ÁLEX REMIRO,REAL SOCIEDAD,0,36,0
426,ARITZ ELUSTONDO,REAL SOCIEDAD,0,22,0
427,ETIENNE ETO'O PINEDA,RAYO VALLECANO,0,2,0
428,ALFONSO ESPINO,RAYO VALLECANO,0,16,0
429,PEP CHAVARRÍA,RAYO VALLECANO,0,34,0
430,MIGUEL ÁNGEL MORRO,RAYO VALLECANO,0,0,0
431,ÓSCAR VALENTÍN,RAYO VALLECANO,0,34,0
432,GERARD GUMBAU,RAYO VALLECANO,0,22,0
433,ARIDANE HERNÁNDEZ,RAYO VALLECANO,0,14,0
434,PELAYO FERNÁNDEZ,RAYO VALLECANO,0,2,0
435,MARCO DE LAS SIAS,RAYO VALLECANO,0,0,0
436,DANI CÁRDENAS,RAYO VALLECANO,0,6,0
437,IVÁN BALLIU,RAYO VALLECANO,0,25,0
438,FRAN GONZÁLEZ,REAL MADRID,0,1,0
439,THIBAUT COURTOIS,REAL MADRID,0,30,0
440,DANI CEBALLOS,REAL MADRID,0,23,0
441,ANDRII LUNIN,REAL MADRID,0,7,0
442,FERLAND MENDY,REAL MADRID,0,14,0
443,AURÉLIEN TCHOUAMÉNI,REAL MADRID,0,32,0
444,JESÚS VALLEJO,REAL MADRID,0,4,0
445,FRAN GARCÍA,REAL MADRID,0,31,0
446,ANTONIO RÜDIGER,REAL MADRID,0,29,0
447,DOMINIK GREIF,RCD MALLORCA,0,31,0
448,ANTONIO LATORRE GRUESO,RCD MALLORCA,0,14,0
449,LEO ROMÁN,RCD MALLORCA,0,7,0
450,SAMUEL DE ALMEIDA COSTA,RCD MALLORCA,0,32,0
451,IVÁN CUÉLLAR,RCD MALLORCA,0,0,0
452,ANTONIO SÁNCHEZ,RCD MALLORCA,0,33,0
453,MATEU MOREY,RCD MALLORCA,0,16,0
454,SIEBE VAN DER HEYDEN,RCD MALLORCA,0,2,0
455,DANIEL LUNA,RCD MALLORCA,0,2,0
456,JOSÉ MANUEL ARIAS COPETE,RCD MALLORCA,0,25,0
457,MARC DOMENECH,RCD MALLORCA,0,10,0
458,MANU MORLANES,RCD MALLORCA,0,23,0
459,PABLO MAFFEO,RCD MALLORCA,0,30,0
460,NAHUEL MOLINA,ATLÉTICO DE MADRID,0,30,0
461,JAN OBLAK,ATLÉTICO DE MADRID,0,36,0
462,ARTHUR VERMEEREN,ATLÉTICO DE MADRID,0,0,0
463,REINILDO ISNARD MANDAVA,ATLÉTICO DE MADRID,0,19,0
464,ANTONIO GOMIS,ATLÉTICO DE MADRID,0,0,0
465,HORATIU MOLDOVAN,ATLÉTICO DE MADRID,0,0,0
466,AXEL WITSEL,ATLÉTICO DE MADRID,0,14,0
467,RODRIGO RIQUELME,ATLÉTICO DE MADRID,0,16,0
468,JOSÉ GIMÉNEZ,ATLÉTICO DE MADRID,0,27,0
469,ILIAS KOSTIS,ATLÉTICO DE MADRID,0,0,0
470,JAVI GALÁN,ATLÉTICO DE MADRID,0,25,0
471,SERGI GÓMEZ,RCD ESPANYOL DE BARCELONA,0,12,0
472,OMAR EL HILALI,RCD ESPANYOL DE BARCELONA,0,36,0
473,OMAR SADIK,RCD ESPANYOL DE BARCELONA,0,0,0
474,FERNANDO PACHECO,RCD ESPANYOL DE BARCELONA,0,0,0
475,ÁNGEL FORTUÑO,RCD ESPANYOL DE BARCELONA,0,0,0
476,RAFAEL BAUZA,RCD ESPANYOL DE BARCELONA,0,5,0
477,ÁLVARO AGUADO,RCD ESPANYOL DE BARCELONA,0,16,0
478,BRIAN OLIVÁN,RCD ESPANYOL DE BARCELONA,0,17,0
479,SALVI SÁNCHEZ,RCD ESPANYOL DE BARCELONA,0,0,0
480,JOSÉ GRAGERA,RCD ESPANYOL DE BARCELONA,0,10,0
481,ALEX KRÁL,RCD ESPANYOL DE BARCELONA,0,37,0
482,POL LOZANO,RCD ESPANYOL DE BARCELONA,0,30,0
483,JOAN GARCÍA,RCD ESPANYOL DE BARCELONA,0,38,0
484,ANTONIU ROCA,RCD ESPANYOL DE BARCELONA,0,26,0
485,LUCAS OLIVEIRA ROSA,REAL VALLADOLID CF,0,21,0
486,DARWIN MACHÍS,REAL VALLADOLID CF,0,18,0
487,AMATH NDIAYE,REAL VALLADOLID CF,0,13,0
488,STANKO JURIC,REAL VALLADOLID CF,0,26,0
489,CÉSAR DE LA HOZ,REAL VALLADOLID CF,0,0,0
490,JORGE IGLESIAS GONZÁLEZ,REAL VALLADOLID CF,0,0,0
491,LUIS PÉREZ,REAL VALLADOLID CF,0,30,0
492,ARNAU RAFÚS,REAL VALLADOLID CF,0,1,0
493,DAVID TORRES,REAL VALLADOLID CF,0,18,0
494,ERAY CÖMERT,REAL VALLADOLID CF,0,25,0
495,RAÚL CHASCO,REAL VALLADOLID CF,0,2,0
496,KARL HEIN,REAL VALLADOLID CF,0,31,0
497,VÍCTOR MESEGUER,REAL VALLADOLID CF,0,14,0
498,STIPE BIUK,REAL VALLADOLID CF,0,0,0
499,DIEGO CONDE,VILLARREAL CF,0,22,0
500,KIKO FEMENÍA,VILLARREAL CF,0,28,0
501,ARNAU SOLÀ,VILLARREAL CF,0,1,0
502,IKER ÁLVAREZ,VILLARREAL CF,0,0,0
503,PAU NAVARRO,VILLARREAL CF,0,17,0
504,RAÚL ALBIOL,VILLARREAL CF,0,15,0
505,WILLY KAMBWALA,VILLARREAL CF,0,19,0
506,ERIC BAILLY,VILLARREAL CF,0,12,0
507,KELECHI IHEANACHO,SEVILLA FC,0,9,0
508,ALBERT SAMBI LOKONGA,SEVILLA FC,0,22,0
509,VICENTE GUAITA,CELTA,0,34,0
510,LUIZ LÚCIO REIS JÚNIOR,VILLARREAL CF,0,17,0
511,RAÚL DE TOMÁS,RAYO VALLECANO,0,2,0
512,AUGUSTO BATALLA,RAYO VALLECANO,0,32,0
513,JUAN BERROCAL,GETAFE CF,0,19,0
514,EGOITZ ARANA,REAL SOCIEDAD,0,0,0
515,JAN SALAS,RCD MALLORCA,0,4,0
516,ÓSCAR DE MARCOS,ATHLETIC CLUB,0,26,0
517,JULEN AGIRREZABALA,ATHLETIC CLUB,0,14,0
518,ANDRÉ FILIPE MAGALHÃES RIBEIRO FERREIRA,REAL VALLADOLID CF,0,6,0
519,MARIO MARTÍN,REAL VALLADOLID CF,0,30,0
520,ABDE REBBACH,DEPORTIVO ALAVÉS,0,8,0
521,JACKSON POROZO,CD LEGANÉS,0,0,0
522,ADRIÀ ALTI,CD LEGANÉS,0,22,0
523,DALEY SINKGRAVEN,UD LAS PALMAS,0,2,0
524,MANUEL GONZÁLEZ PALLARÉS,REAL BETIS,0,0,0
525,ALEJANDRO ITURBE,ATLÉTICO DE MADRID,0,0,0
526,PAU LÓPEZ,GIRONA FC,0,1,0
527,ANDRÉS CUENCA,FC BARCELONA,0,0,0
528,AITOR FRAGA,REAL SOCIEDAD,0,0,0
529,IGOR ZUBELDIA,REAL SOCIEDAD,0,28,0
530,IKER CÓRDOBA,VALENCIA CF,0,2,0
531,JUAN MUSSO,ATLÉTICO DE MADRID,0,2,0
532,NICO SERRANO,ATHLETIC CLUB,0,4,0
533,SANTIAGO MOURIÑO,DEPORTIVO ALAVÉS,0,25,0
534,JOSÉ LUIS CATALÀ VÁZQUEZ,RCD ESPANYOL DE BARCELONA,0,0,0
535,ÁLVARO KILLANE,UD LAS PALMAS,0,0,0
536,FABIO GONZÁLEZ,UD LAS PALMAS,0,2,0
537,JOSÉ ARNÁIZ,CA OSASUNA,0,15,0
538,CENK ÖZKACAR,REAL VALLADOLID CF,0,11,0
539,SERGI CANÓS,VALENCIA CF,0,17,0
540,DANI REQUENA,VILLARREAL CF,0,1,0
541,ANTONIO ESPIGARES,VILLARREAL CF,0,0,0
542,NACI ÜNÜVAR,RCD ESPANYOL DE BARCELONA,0,2,0
543,UNAI NÚÑEZ,ATHLETIC CLUB,0,10,0
544,VÍCTOR PUIG,UD LAS PALMAS,0,0,0
545,VALENTÍN BARCO,SEVILLA FC,0,7,0
546,MATÍAS ÁRBOL,SEVILLA FC,0,0,0
547,GORKA RIVERA,GETAFE CF,0,1,0
548,JOHN PATRICK,GETAFE CF,0,4,0
549,SÉBASTIEN HALLER,CD LEGANÉS,0,8,0
550,PEDRO ORTIZ,SEVILLA FC,0,0,0
551,SERGIO MESTRE,REAL MADRID,0,0,0
552,JOSÉ MARÍA ANDRES BAIXAULI,REAL MADRID,0,2,0
553,GUILLEM TRILLA,GETAFE CF,0,0,0
554,FRANCISCO JORGE TAVARES OLIVEIRA,RCD MALLORCA,0,8,0
555,NAYEF AGUERD,REAL SOCIEDAD,0,21,0
556,ÁLVARO ODRIOZOLA,REAL SOCIEDAD,0,2,0
557,ROBERT KENEDY NUNES DO NASCIMENTO,REAL VALLADOLID CF,0,2,0
558,FRANCO CERVI,CELTA,0,7,0
559,TADEO ALLENDE,CELTA,0,1,0
560,DIEGO KOCHEN,FC BARCELONA,0,0,0
561,GUILLE FERNÁNDEZ,FC BARCELONA,0,0,0
562,RAÚL MARTÍNEZ,GIRONA FC,0,0,0
563,JAVI SERRANO,ATLÉTICO DE MADRID,0,0,0
564,GERMÁN VALERA,VALENCIA CF,0,8,0
565,MAXIMILIANO CAUFRIEZ,VALENCIA CF,0,1,0
566,WARREN MADRIGAL,VALENCIA CF,0,0,0
567,ÍÑIGO RUÍZ DE GALARRETA,ATHLETIC CLUB,0,26,0
568,JAMES RODRÍGUEZ,RAYO VALLECANO,0,6,0
569,SERGI GUARDIOLA,RAYO VALLECANO,0,16,0
570,TONI FERNÁNDEZ,FC BARCELONA,0,0,0
571,ANSU FATI,FC BARCELONA,0,6,0
572,JUMA BAH,REAL VALLADOLID CF,0,12,0
573,MARIO MAROTO,REAL VALLADOLID CF,0,2,0
574,DJORDJIJE MEDENICA,GETAFE CF,0,0,0
575,DAVID ARGÜELLES,GETAFE CF,0,1,0
576,ABDOULAYE KEITA,GETAFE CF,0,3,0
577,JESÚS JOAQUÍN FERNÁNDEZ SÁENZ DE LA TORRE,SEVILLA FC,0,16,0
578,FRANCISCO JESÚS CRESPO GARCÍA,UD LAS PALMAS,0,1,0
579,FRAN PÉREZ,VALENCIA CF,0,26,0
580,NOBEL MENDY,REAL BETIS,0,2,0
581,MATEO FLORES,REAL BETIS,0,6,0
582,DAVID JIMÉNEZ,REAL MADRID,0,0,0
583,SEBAS WADE,RCD MALLORCA,0,0,0
584,ÁRON YAAKOBISHVILI,FC BARCELONA,0,0,0
585,MATEO MEJÍA,SEVILLA FC,0,1,0
586,THOMAS LEMAR,ATLÉTICO DE MADRID,0,5,0
587,PEIO CANALES,ATHLETIC CLUB,0,8,0
588,ÁLVARO ACEVES,REAL VALLADOLID CF,0,0,0
589,ALEJANDRO JAY,DEPORTIVO ALAVÉS,0,0,0
590,LLORENÇ SERRED,RCD ESPANYOL DE BARCELONA,0,0,0
591,ENRIC GARCÍA,GIRONA FC,0,0,0
592,SELVI CLUA,GIRONA FC,0,4,0
593,MIN-SU KIM,GIRONA FC,0,3,0
594,LUCAS GARCÍA MADRIGAL,GIRONA FC,0,0,0
595,MIHAILO RISTIC,CELTA,0,10,0
596,JAVI LLABRÉS,RCD MALLORCA,0,1,0
597,WOJCIECH SZCZESNY,FC BARCELONA,0,15,0
598,JOSÉ GAYÀ,VALENCIA CF,0,23,0
599,JAUME DOMÈNECH,VALENCIA CF,0,0,0
600,RUBÉN GÓMEZ,VILLARREAL CF,0,0,0
601,EGOITZ MUÑOZ,DEPORTIVO ALAVÉS,0,0,0
602,PAPA DAME BA,GIRONA FC,0,1,0
603,KIKE BARJA,CA OSASUNA,0,15,0
604,GERÓNIMO SPINA,ATLÉTICO DE MADRID,0,0,0
605,AITOR GISMERA,ATLÉTICO DE MADRID,0,0,0
606,ALEKSANDAR ANDREEV,GIRONA FC,0,0,0
607,FERRÁN RUIZ MARTÍ,GIRONA FC,0,1,0
608,DAWDA CAMARA,GIRONA FC,0,0,0
609,JUSTIN SMITH,RCD ESPANYOL DE BARCELONA,0,5,0
610,ALEX ALMANSA,RCD ESPANYOL DE BARCELONA,0,0,0
611,ISRAEL DOMÍNGUEZ,SEVILLA FC,0,1,0
612,JONI MONTIEL,RAYO VALLECANO,0,0,0
613,NAIM GARCÍA,CD LEGANÉS,0,0,0
614,RAÚL ASENCIO,REAL MADRID,0,23,0
615,PABLO BUSTO,REAL BETIS,0,0,0
616,ANTONINO JASTIN GARCÍA LÓPEZ,GIRONA FC,0,0,0
617,CARLOS GUIRAO,REAL BETIS,0,2,0
618,RICARD ARTERO,GIRONA FC,0,0,0
619,PERE GARCÍA,RCD MALLORCA,0,0,0
620,NOAH DARVICH,FC BARCELONA,0,0,0
621,ÁLVARO CORTÉS,FC BARCELONA,0,0,0
622,UNAI SIMÓN,ATHLETIC CLUB,0,21,0
623,DIEGO AGUADO,REAL MADRID,0,0,0
624,ALASSANE DIATTA,VILLARREAL CF,0,0,0
625,IKER BACHILLER,CD LEGANÉS,0,0,0
626,EDU EXPÓSITO,RCD ESPANYOL DE BARCELONA,0,19,0
627,POL TRISTÁN,RCD ESPANYOL DE BARCELONA,0,0,0
628,LORENZO AGUADO HERRERA,REAL MADRID,0,2,0
629,GONZALO GARCÍA,REAL MADRID,0,3,0
630,LUCA DE LA TORRE,CELTA,0,1,0
631,YOEL LAGO,CELTA,0,8,0
632,DANIEL YÁÑEZ,REAL MADRID,0,1,0
633,IÑAKI RUPÉREZ,REAL SOCIEDAD,0,0,0
634,RUBÉN IRANZO,VALENCIA CF,0,0,0
635,ADRIÁN ARNU,REAL VALLADOLID CF,0,5,0
636,RAFAEL ROMERO,SEVILLA FC,0,0,0
637,DARÍO BENAVIDES,SEVILLA FC,0,1,0
638,VÍCTOR MUÑOZ,REAL MADRID,0,2,0
639,YOUSSEF LEKHEDIM,REAL MADRID,0,0,0
640,THIAGO OJEDA,VILLARREAL CF,0,1,0
641,DIEGO MÉNDEZ,RAYO VALLECANO,0,0,0
642,JUAN PEDRO GIL BUENO,RAYO VALLECANO,0,0,0
643,VICENT ABRIL,VALENCIA CF,0,0,0
644,FACUNDO GARCÉS,DEPORTIVO ALAVÉS,0,10,0
645,GERMÁN GARCÍA,REAL BETIS,0,0,0
646,JORGE BENITO,GETAFE CF,0,0,0
647,MARTÍN CUÉLLAR,GETAFE CF,0,0,0
648,LUCA LÖHR,GETAFE CF,0,0,0
649,ISMAEL BEKHOUCHA,GETAFE CF,0,5,0
650,CARLOS LUMBRERAS,CA OSASUNA,0,0,0
651,ISRAEL MORA,UD LAS PALMAS,0,0,0
652,SERGIO VIERA,UD LAS PALMAS,0,2,0
653,ADRIÁN NIÑO,ATLÉTICO DE MADRID,0,1,0
654,JONES EL ABDELLAOUI,CELTA,0,0,0
655,DAVID ALABA,REAL MADRID,0,7,0
656,DAOUDA DOUMBIA,DEPORTIVO ALAVÉS,0,0,0
657,MAX AARONS,VALENCIA CF,0,4,0
658,GUILLERMO RUIZ,CD LEGANÉS,0,0,0
659,ASIER OSAMBELA,CA OSASUNA,0,0,0
660,ANDY PELMARD,UD LAS PALMAS,0,4,0
661,LEANDRO ANTONETTI,SEVILLA FC,0,2,0
662,DIEGO HORMIGO,SEVILLA FC,0,1,0
663,URKO GONZÁLEZ,RCD ESPANYOL DE BARCELONA,0,18,0
664,ÁNGEL ORTIZ,REAL BETIS,0,5,0
665,XAVIER PLEGUEZUELO,REAL BETIS,0,0,0
666,PABLO GARCÍA,REAL BETIS,0,3,0
667,SERGIO ARRIBAS,REAL BETIS,0,1,0
668,PEDRO ALEMAÑ,VALENCIA CF,0,0,0
669,GRÉGOIRE SWIDERSKI,DEPORTIVO ALAVÉS,0,0,0
670,JUAN MIGUEL JIMÉNEZ LÓPEZ,GETAFE CF,0,24,0
671,AKOR ADAMS,SEVILLA FC,0,4,0
672,RAYANE BELAID,ATLÉTICO DE MADRID,0,0,0
673,DAVID LÓPEZ,RCD MALLORCA,0,2,0
674,TAMÁS NIKITSCHER,REAL VALLADOLID CF,0,13,0
675,JOSEPH AIDOO,REAL VALLADOLID CF,0,9,0
676,GUILHERME SOUSA CARVALHO FERNANDES,REAL BETIS,0,0,0
677,MARTÍN CONDE,CELTA,0,0,0
678,ANTAL YAAKOBISHVILI,GIRONA FC,0,0,0
679,VLADYSLAV KRAPYVTSOV,GIRONA FC,0,2,0
680,ANTONIO CANDELA,REAL VALLADOLID CF,0,12,0
681,FLORIAN GRILLITSCH,REAL VALLADOLID CF,0,13,0
682,ADAM AZNOU,REAL VALLADOLID CF,0,13,0
683,AINGERU OLABARRIETA,ATHLETIC CLUB,0,1,0
684,ENDIKA BUJAN,ATHLETIC CLUB,0,1,0
685,SERGIO RUIZ,UD LAS PALMAS,0,0,0
686,ELÍAS ROMERO,UD LAS PALMAS,0,0,0
687,JUAN BERNAT,GETAFE CF,0,24,0
688,JON BALDA,REAL SOCIEDAD,0,0,0
689,JOSÉ ÁNGEL LÓPEZ,RCD ESPANYOL DE BARCELONA,0,0,0
690,IVÁN JAIME,VALENCIA CF,0,9,0
691,LUÍS HENRIQUES DE BARROS LOPES,CD LEGANÉS,0,10,0
692,BORNA BARISIC,CD LEGANÉS,0,1,0
693,PABLO VALENCIA,CA OSASUNA,0,0,0
694,ARTHUR HENRIQUE RAMOS DE OLIVEIRA MELO,GIRONA FC,0,15,0
695,CARLES ALEÑÁ,DEPORTIVO ALAVÉS,0,24,0
696,IÑIGO ARGUIBIDE,CA OSASUNA,0,0,0
697,ALFONSO PEDRAZA,VILLARREAL CF,0,12,0
698,ALEX MARCHAL,REAL SOCIEDAD,0,0,0
699,LUKEN BEITIA,REAL SOCIEDAD,0,1,0
700,ADRIÁN RODRÍGUEZ SOJO,REAL VALLADOLID CF,0,0,0
701,DIEGO MARTÍN PÉREZ,UD LAS PALMAS,0,2,0
702,ROGER HINOJO,RCD ESPANYOL DE BARCELONA,0,1,0
703,HAMZA BELLARI,VALENCIA CF,0,0,0
704,VÍCTOR VALDEPEÑAS TALAVERA,REAL MADRID,0,0,0
705,SERGIO LOZANO,RAYO VALLECANO,0,0,0
706,ANDER IZAGIRRE,ATHLETIC CLUB,0,0,0
707,JON GARCÍA,CA OSASUNA,0,0,0
708,ALEXIS OLMEDO,FC BARCELONA,0,0,0
709,DANIEL DÍAZ,REAL SOCIEDAD,0,1,0
710,ISMAEL SIERRA,CA OSASUNA,0,0,0
711,IGNACIO NICOLAU BENLLOCH,UD LAS PALMAS,0,0,0
712,HENRIQUE SILVA MILAGRES,REAL VALLADOLID CF,0,5,0
713,SIXTUS OGBUEHI,CA OSASUNA,0,0,0
714,MIKEL GOTI,REAL SOCIEDAD,0,0,0
715,OMAR JANNEH,ATLÉTICO DE MADRID,0,0,0
716,PABLO RAMÓN,RCD ESPANYOL DE BARCELONA,0,0,0
717,ANDRÉS CASTRÍN,SEVILLA FC,0,0,0
718,MARCOS FERNÁNDEZ,REAL BETIS,0,0,0
719,RUDY KOHON,REAL BETIS,0,0,0
720,IAGO PARENTE,REAL VALLADOLID CF,0,1,0
721,LANDRY FARRÉ,FC BARCELONA,0,0,0
722,DANI RODRÍGUEZ,FC BARCELONA,0,1,0
723,JOAQUÍN MARTÍNEZ GAUNA,SEVILLA FC,0,0,0
724,LULO DASILVA,SEVILLA FC,0,0,0
725,MIGUEL ROMÁN,CELTA,0,0,0
726,ALEJANDRO REGO,ATHLETIC CLUB,0,0,0
727,IBRAHIM ALANI,REAL VALLADOLID CF,0,3,0
728,LUCAS NUÑEZ,VALENCIA CF,0,0,0
729,MARIO RIVAS,REAL MADRID,0,0,0
730,IKER VARELA,ATHLETIC CLUB,0,0,0
731,XAVIER MORENO HERNÁNDEZ,REAL VALLADOLID CF,0,1,0
732,HUGO SOLOZABAL,CD LEGANÉS,0,0,0
733,ARTURO RODRÍGUEZ,UD LAS PALMAS,0,1,0
734,JOSÉ CARLOS GONZÁLEZ,UD LAS PALMAS,0,1,0
735,RAFAEL FERNÁNDEZ RODRÍGUEZ,CA OSASUNA,0,0,0
736,LANDER PINILLOS,DEPORTIVO ALAVÉS,0,0,0
